﻿{"data":[{"Properties":{"domain":"TRILOCOR.LOCAL","name":"WMIPOLICY@TRILOCOR.LOCAL","distinguishedname":"CN=WMIPOLICY,CN=SYSTEM,DC=TRILOCOR,DC=LOCAL","domainsid":"S-1-5-21-748909465-2105014040-255522671","highvalue":false},"ChildObjects":[],"Aces":[{"PrincipalSID":"S-1-5-21-748909465-2105014040-255522671-512","PrincipalType":"Group","RightName":"Owns","IsInherited":false},{"PrincipalSID":"S-1-5-21-748909465-2105014040-255522671-512","PrincipalType":"Group","RightName":"GenericAll","IsInherited":false},{"PrincipalSID":"S-1-5-21-748909465-2105014040-255522671-519","PrincipalType":"Group","RightName":"GenericAll","IsInherited":false}],"ObjectIdentifier":"D97E1ECB-918C-463A-BC39-B12B0B4105E4","IsDeleted":false,"IsACLProtected":true},{"Properties":{"domain":"TRILOCOR.LOCAL","name":"POLICYTEMPLATE@TRILOCOR.LOCAL","distinguishedname":"CN=POLICYTEMPLATE,CN=WMIPOLICY,CN=SYSTEM,DC=TRILOCOR,DC=LOCAL","domainsid":"S-1-5-21-748909465-2105014040-255522671","highvalue":false},"ChildObjects":[],"Aces":[{"PrincipalSID":"S-1-5-21-748909465-2105014040-255522671-512","PrincipalType":"Group","RightName":"Owns","IsInherited":false},{"PrincipalSID":"S-1-5-21-748909465-2105014040-255522671-512","PrincipalType":"Group","RightName":"WriteDacl","IsInherited":false},{"PrincipalSID":"S-1-5-21-748909465-2105014040-255522671-512","PrincipalType":"Group","RightName":"WriteOwner","IsInherited":false},{"PrincipalSID":"S-1-5-21-748909465-2105014040-255522671-519","PrincipalType":"Group","RightName":"GenericAll","IsInherited":true},{"PrincipalSID":"S-1-5-21-748909465-2105014040-255522671-512","PrincipalType":"Group","RightName":"GenericAll","IsInherited":true}],"ObjectIdentifier":"E2BD959A-EC4E-4E47-8944-8309DA06700E","IsDeleted":false,"IsACLProtected":false},{"Properties":{"domain":"TRILOCOR.LOCAL","name":"WMIGPO@TRILOCOR.LOCAL","distinguishedname":"CN=WMIGPO,CN=WMIPOLICY,CN=SYSTEM,DC=TRILOCOR,DC=LOCAL","domainsid":"S-1-5-21-748909465-2105014040-255522671","highvalue":false},"ChildObjects":[],"Aces":[{"PrincipalSID":"S-1-5-21-748909465-2105014040-255522671-512","PrincipalType":"Group","RightName":"Owns","IsInherited":false},{"PrincipalSID":"S-1-5-21-748909465-2105014040-255522671-512","PrincipalType":"Group","RightName":"WriteDacl","IsInherited":false},{"PrincipalSID":"S-1-5-21-748909465-2105014040-255522671-512","PrincipalType":"Group","RightName":"WriteOwner","IsInherited":false},{"PrincipalSID":"S-1-5-21-748909465-2105014040-255522671-519","PrincipalType":"Group","RightName":"GenericAll","IsInherited":true},{"PrincipalSID":"S-1-5-21-748909465-2105014040-255522671-512","PrincipalType":"Group","RightName":"GenericAll","IsInherited":true}],"ObjectIdentifier":"3FE267E0-687A-4EF7-AA9B-C35BC1125D57","IsDeleted":false,"IsACLProtected":false},{"Properties":{"domain":"TRILOCOR.LOCAL","name":"SYSTEM@TRILOCOR.LOCAL","distinguishedname":"CN=SYSTEM,DC=TRILOCOR,DC=LOCAL","domainsid":"S-1-5-21-748909465-2105014040-255522671","highvalue":false},"ChildObjects":[],"Aces":[{"PrincipalSID":"S-1-5-21-748909465-2105014040-255522671-512","PrincipalType":"Group","RightName":"Owns","IsInherited":false},{"PrincipalSID":"S-1-5-21-748909465-2105014040-255522671-512","PrincipalType":"Group","RightName":"WriteDacl","IsInherited":false},{"PrincipalSID":"S-1-5-21-748909465-2105014040-255522671-512","PrincipalType":"Group","RightName":"WriteOwner","IsInherited":false},{"PrincipalSID":"S-1-5-21-748909465-2105014040-255522671-4628","PrincipalType":"User","RightName":"WriteDacl","IsInherited":true},{"PrincipalSID":"S-1-5-21-748909465-2105014040-255522671-519","PrincipalType":"Group","RightName":"GenericAll","IsInherited":true},{"PrincipalSID":"TRILOCOR.LOCAL-S-1-5-32-544","PrincipalType":"Group","RightName":"WriteDacl","IsInherited":true},{"PrincipalSID":"TRILOCOR.LOCAL-S-1-5-32-544","PrincipalType":"Group","RightName":"WriteOwner","IsInherited":true}],"ObjectIdentifier":"DFF7182F-74BA-4CB6-A814-53FC06638D68","IsDeleted":false,"IsACLProtected":false},{"Properties":{"domain":"TRILOCOR.LOCAL","name":"POLICYTYPE@TRILOCOR.LOCAL","distinguishedname":"CN=POLICYTYPE,CN=WMIPOLICY,CN=SYSTEM,DC=TRILOCOR,DC=LOCAL","domainsid":"S-1-5-21-748909465-2105014040-255522671","highvalue":false},"ChildObjects":[],"Aces":[{"PrincipalSID":"S-1-5-21-748909465-2105014040-255522671-512","PrincipalType":"Group","RightName":"Owns","IsInherited":false},{"PrincipalSID":"S-1-5-21-748909465-2105014040-255522671-512","PrincipalType":"Group","RightName":"WriteDacl","IsInherited":false},{"PrincipalSID":"S-1-5-21-748909465-2105014040-255522671-512","PrincipalType":"Group","RightName":"WriteOwner","IsInherited":false},{"PrincipalSID":"S-1-5-21-748909465-2105014040-255522671-519","PrincipalType":"Group","RightName":"GenericAll","IsInherited":true},{"PrincipalSID":"S-1-5-21-748909465-2105014040-255522671-512","PrincipalType":"Group","RightName":"GenericAll","IsInherited":true}],"ObjectIdentifier":"639A233A-13AE-4D39-828B-61006291EB8B","IsDeleted":false,"IsACLProtected":false},{"Properties":{"domain":"TRILOCOR.LOCAL","name":"SOM@TRILOCOR.LOCAL","distinguishedname":"CN=SOM,CN=WMIPOLICY,CN=SYSTEM,DC=TRILOCOR,DC=LOCAL","domainsid":"S-1-5-21-748909465-2105014040-255522671","highvalue":false},"ChildObjects":[],"Aces":[{"PrincipalSID":"S-1-5-21-748909465-2105014040-255522671-512","PrincipalType":"Group","RightName":"Owns","IsInherited":false},{"PrincipalSID":"S-1-5-21-748909465-2105014040-255522671-512","PrincipalType":"Group","RightName":"GenericAll","IsInherited":false},{"PrincipalSID":"S-1-5-21-748909465-2105014040-255522671-519","PrincipalType":"Group","RightName":"GenericAll","IsInherited":false}],"ObjectIdentifier":"2821C068-A3E9-4741-951C-FD48884696F9","IsDeleted":false,"IsACLProtected":true},{"Properties":{"domain":"TRILOCOR.LOCAL","name":"COMPARTITIONSETS@TRILOCOR.LOCAL","distinguishedname":"CN=COMPARTITIONSETS,CN=SYSTEM,DC=TRILOCOR,DC=LOCAL","domainsid":"S-1-5-21-748909465-2105014040-255522671","highvalue":false},"ChildObjects":[],"Aces":[{"PrincipalSID":"S-1-5-21-748909465-2105014040-255522671-512","PrincipalType":"Group","RightName":"Owns","IsInherited":false},{"PrincipalSID":"S-1-5-21-748909465-2105014040-255522671-512","PrincipalType":"Group","RightName":"WriteDacl","IsInherited":false},{"PrincipalSID":"S-1-5-21-748909465-2105014040-255522671-512","PrincipalType":"Group","RightName":"WriteOwner","IsInherited":false},{"PrincipalSID":"S-1-5-21-748909465-2105014040-255522671-4628","PrincipalType":"User","RightName":"WriteDacl","IsInherited":true},{"PrincipalSID":"S-1-5-21-748909465-2105014040-255522671-519","PrincipalType":"Group","RightName":"GenericAll","IsInherited":true},{"PrincipalSID":"TRILOCOR.LOCAL-S-1-5-32-544","PrincipalType":"Group","RightName":"WriteDacl","IsInherited":true},{"PrincipalSID":"TRILOCOR.LOCAL-S-1-5-32-544","PrincipalType":"Group","RightName":"WriteOwner","IsInherited":true}],"ObjectIdentifier":"4AF79844-05CB-4315-8711-57E7FA73A954","IsDeleted":false,"IsACLProtected":false},{"Properties":{"domain":"TRILOCOR.LOCAL","name":"POLICIES@TRILOCOR.LOCAL","distinguishedname":"CN=POLICIES,CN=SYSTEM,DC=TRILOCOR,DC=LOCAL","domainsid":"S-1-5-21-748909465-2105014040-255522671","highvalue":false},"ChildObjects":[],"Aces":[{"PrincipalSID":"S-1-5-21-748909465-2105014040-255522671-512","PrincipalType":"Group","RightName":"Owns","IsInherited":false},{"PrincipalSID":"S-1-5-21-748909465-2105014040-255522671-512","PrincipalType":"Group","RightName":"WriteDacl","IsInherited":false},{"PrincipalSID":"S-1-5-21-748909465-2105014040-255522671-512","PrincipalType":"Group","RightName":"WriteOwner","IsInherited":false},{"PrincipalSID":"S-1-5-21-748909465-2105014040-255522671-4628","PrincipalType":"User","RightName":"WriteDacl","IsInherited":true},{"PrincipalSID":"S-1-5-21-748909465-2105014040-255522671-519","PrincipalType":"Group","RightName":"GenericAll","IsInherited":true},{"PrincipalSID":"TRILOCOR.LOCAL-S-1-5-32-544","PrincipalType":"Group","RightName":"WriteDacl","IsInherited":true},{"PrincipalSID":"TRILOCOR.LOCAL-S-1-5-32-544","PrincipalType":"Group","RightName":"WriteOwner","IsInherited":true}],"ObjectIdentifier":"1579927C-EC02-41AB-BCAE-70B1A34D62B2","IsDeleted":false,"IsACLProtected":false},{"Properties":{"domain":"TRILOCOR.LOCAL","name":"ADMINSDHOLDER@TRILOCOR.LOCAL","distinguishedname":"CN=ADMINSDHOLDER,CN=SYSTEM,DC=TRILOCOR,DC=LOCAL","domainsid":"S-1-5-21-748909465-2105014040-255522671","highvalue":false},"ChildObjects":[],"Aces":[{"PrincipalSID":"S-1-5-21-748909465-2105014040-255522671-512","PrincipalType":"Group","RightName":"Owns","IsInherited":false},{"PrincipalSID":"TRILOCOR.LOCAL-S-1-5-32-544","PrincipalType":"Group","RightName":"WriteDacl","IsInherited":false},{"PrincipalSID":"TRILOCOR.LOCAL-S-1-5-32-544","PrincipalType":"Group","RightName":"WriteOwner","IsInherited":false},{"PrincipalSID":"S-1-5-21-748909465-2105014040-255522671-512","PrincipalType":"Group","RightName":"WriteDacl","IsInherited":false},{"PrincipalSID":"S-1-5-21-748909465-2105014040-255522671-512","PrincipalType":"Group","RightName":"WriteOwner","IsInherited":false},{"PrincipalSID":"S-1-5-21-748909465-2105014040-255522671-519","PrincipalType":"Group","RightName":"WriteDacl","IsInherited":false},{"PrincipalSID":"S-1-5-21-748909465-2105014040-255522671-519","PrincipalType":"Group","RightName":"WriteOwner","IsInherited":false}],"ObjectIdentifier":"5049C9B4-D14B-481D-AD6C-F02A377742AF","IsDeleted":false,"IsACLProtected":true},{"Properties":{"domain":"TRILOCOR.LOCAL","name":"IP SECURITY@TRILOCOR.LOCAL","distinguishedname":"CN=IP SECURITY,CN=SYSTEM,DC=TRILOCOR,DC=LOCAL","domainsid":"S-1-5-21-748909465-2105014040-255522671","highvalue":false},"ChildObjects":[],"Aces":[{"PrincipalSID":"S-1-5-21-748909465-2105014040-255522671-512","PrincipalType":"Group","RightName":"Owns","IsInherited":false},{"PrincipalSID":"S-1-5-21-748909465-2105014040-255522671-512","PrincipalType":"Group","RightName":"WriteDacl","IsInherited":false},{"PrincipalSID":"S-1-5-21-748909465-2105014040-255522671-512","PrincipalType":"Group","RightName":"WriteOwner","IsInherited":false},{"PrincipalSID":"S-1-5-21-748909465-2105014040-255522671-4628","PrincipalType":"User","RightName":"WriteDacl","IsInherited":true},{"PrincipalSID":"S-1-5-21-748909465-2105014040-255522671-519","PrincipalType":"Group","RightName":"GenericAll","IsInherited":true},{"PrincipalSID":"TRILOCOR.LOCAL-S-1-5-32-544","PrincipalType":"Group","RightName":"WriteDacl","IsInherited":true},{"PrincipalSID":"TRILOCOR.LOCAL-S-1-5-32-544","PrincipalType":"Group","RightName":"WriteOwner","IsInherited":true}],"ObjectIdentifier":"2690E78B-9528-4E67-976D-2AECC352D80A","IsDeleted":false,"IsACLProtected":false},{"Properties":{"domain":"TRILOCOR.LOCAL","name":"MEETINGS@TRILOCOR.LOCAL","distinguishedname":"CN=MEETINGS,CN=SYSTEM,DC=TRILOCOR,DC=LOCAL","domainsid":"S-1-5-21-748909465-2105014040-255522671","highvalue":false},"ChildObjects":[],"Aces":[{"PrincipalSID":"S-1-5-21-748909465-2105014040-255522671-512","PrincipalType":"Group","RightName":"Owns","IsInherited":false},{"PrincipalSID":"S-1-5-21-748909465-2105014040-255522671-512","PrincipalType":"Group","RightName":"WriteDacl","IsInherited":false},{"PrincipalSID":"S-1-5-21-748909465-2105014040-255522671-512","PrincipalType":"Group","RightName":"WriteOwner","IsInherited":false},{"PrincipalSID":"S-1-5-21-748909465-2105014040-255522671-4628","PrincipalType":"User","RightName":"WriteDacl","IsInherited":true},{"PrincipalSID":"S-1-5-21-748909465-2105014040-255522671-519","PrincipalType":"Group","RightName":"GenericAll","IsInherited":true},{"PrincipalSID":"TRILOCOR.LOCAL-S-1-5-32-544","PrincipalType":"Group","RightName":"WriteDacl","IsInherited":true},{"PrincipalSID":"TRILOCOR.LOCAL-S-1-5-32-544","PrincipalType":"Group","RightName":"WriteOwner","IsInherited":true}],"ObjectIdentifier":"F02E750F-4360-42FF-8157-78AB5746591B","IsDeleted":false,"IsACLProtected":false},{"Properties":{"domain":"TRILOCOR.LOCAL","name":"MANAGED SERVICE ACCOUNTS@TRILOCOR.LOCAL","distinguishedname":"CN=MANAGED SERVICE ACCOUNTS,DC=TRILOCOR,DC=LOCAL","domainsid":"S-1-5-21-748909465-2105014040-255522671","highvalue":false},"ChildObjects":[],"Aces":[{"PrincipalSID":"S-1-5-21-748909465-2105014040-255522671-512","PrincipalType":"Group","RightName":"Owns","IsInherited":false},{"PrincipalSID":"S-1-5-21-748909465-2105014040-255522671-512","PrincipalType":"Group","RightName":"WriteDacl","IsInherited":false},{"PrincipalSID":"S-1-5-21-748909465-2105014040-255522671-512","PrincipalType":"Group","RightName":"WriteOwner","IsInherited":false},{"PrincipalSID":"S-1-5-21-748909465-2105014040-255522671-4628","PrincipalType":"User","RightName":"WriteDacl","IsInherited":true},{"PrincipalSID":"S-1-5-21-748909465-2105014040-255522671-519","PrincipalType":"Group","RightName":"GenericAll","IsInherited":true},{"PrincipalSID":"TRILOCOR.LOCAL-S-1-5-32-544","PrincipalType":"Group","RightName":"WriteDacl","IsInherited":true},{"PrincipalSID":"TRILOCOR.LOCAL-S-1-5-32-544","PrincipalType":"Group","RightName":"WriteOwner","IsInherited":true}],"ObjectIdentifier":"E7A4BE2B-FBBF-4BC6-A4B7-5A86F9BF1C9D","IsDeleted":false,"IsACLProtected":false},{"Properties":{"domain":"TRILOCOR.LOCAL","name":"MICROSOFT@TRILOCOR.LOCAL","distinguishedname":"CN=MICROSOFT,CN=PROGRAM DATA,DC=TRILOCOR,DC=LOCAL","domainsid":"S-1-5-21-748909465-2105014040-255522671","highvalue":false},"ChildObjects":[],"Aces":[{"PrincipalSID":"S-1-5-21-748909465-2105014040-255522671-512","PrincipalType":"Group","RightName":"Owns","IsInherited":false},{"PrincipalSID":"S-1-5-21-748909465-2105014040-255522671-512","PrincipalType":"Group","RightName":"GenericAll","IsInherited":false},{"PrincipalSID":"S-1-5-21-748909465-2105014040-255522671-4628","PrincipalType":"User","RightName":"WriteDacl","IsInherited":true},{"PrincipalSID":"S-1-5-21-748909465-2105014040-255522671-519","PrincipalType":"Group","RightName":"GenericAll","IsInherited":true},{"PrincipalSID":"TRILOCOR.LOCAL-S-1-5-32-544","PrincipalType":"Group","RightName":"WriteDacl","IsInherited":true},{"PrincipalSID":"TRILOCOR.LOCAL-S-1-5-32-544","PrincipalType":"Group","RightName":"WriteOwner","IsInherited":true}],"ObjectIdentifier":"B0D10E7A-D271-43BA-AF7A-701C9BDFB6CF","IsDeleted":false,"IsACLProtected":false},{"Properties":{"domain":"TRILOCOR.LOCAL","name":"FOREIGNSECURITYPRINCIPALS@TRILOCOR.LOCAL","distinguishedname":"CN=FOREIGNSECURITYPRINCIPALS,DC=TRILOCOR,DC=LOCAL","domainsid":"S-1-5-21-748909465-2105014040-255522671","highvalue":false},"ChildObjects":[],"Aces":[{"PrincipalSID":"S-1-5-21-748909465-2105014040-255522671-512","PrincipalType":"Group","RightName":"Owns","IsInherited":false},{"PrincipalSID":"S-1-5-21-748909465-2105014040-255522671-512","PrincipalType":"Group","RightName":"GenericAll","IsInherited":false},{"PrincipalSID":"S-1-5-21-748909465-2105014040-255522671-4628","PrincipalType":"User","RightName":"WriteDacl","IsInherited":true},{"PrincipalSID":"S-1-5-21-748909465-2105014040-255522671-519","PrincipalType":"Group","RightName":"GenericAll","IsInherited":true},{"PrincipalSID":"TRILOCOR.LOCAL-S-1-5-32-544","PrincipalType":"Group","RightName":"WriteDacl","IsInherited":true},{"PrincipalSID":"TRILOCOR.LOCAL-S-1-5-32-544","PrincipalType":"Group","RightName":"WriteOwner","IsInherited":true}],"ObjectIdentifier":"3C14AEAD-607C-4287-AFB2-40BD1937F850","IsDeleted":false,"IsACLProtected":false},{"Properties":{"domain":"TRILOCOR.LOCAL","name":"RPCSERVICES@TRILOCOR.LOCAL","distinguishedname":"CN=RPCSERVICES,CN=SYSTEM,DC=TRILOCOR,DC=LOCAL","domainsid":"S-1-5-21-748909465-2105014040-255522671","highvalue":false},"ChildObjects":[],"Aces":[{"PrincipalSID":"S-1-5-21-748909465-2105014040-255522671-512","PrincipalType":"Group","RightName":"Owns","IsInherited":false},{"PrincipalSID":"S-1-5-21-748909465-2105014040-255522671-512","PrincipalType":"Group","RightName":"WriteDacl","IsInherited":false},{"PrincipalSID":"S-1-5-21-748909465-2105014040-255522671-512","PrincipalType":"Group","RightName":"WriteOwner","IsInherited":false},{"PrincipalSID":"S-1-5-21-748909465-2105014040-255522671-4628","PrincipalType":"User","RightName":"WriteDacl","IsInherited":true},{"PrincipalSID":"S-1-5-21-748909465-2105014040-255522671-519","PrincipalType":"Group","RightName":"GenericAll","IsInherited":true},{"PrincipalSID":"TRILOCOR.LOCAL-S-1-5-32-544","PrincipalType":"Group","RightName":"WriteDacl","IsInherited":true},{"PrincipalSID":"TRILOCOR.LOCAL-S-1-5-32-544","PrincipalType":"Group","RightName":"WriteOwner","IsInherited":true}],"ObjectIdentifier":"4FB2669B-C4BF-45AF-8837-D7E0407A2B5B","IsDeleted":false,"IsACLProtected":false},{"Properties":{"domain":"TRILOCOR.LOCAL","name":"RAS AND IAS SERVERS ACCESS CHECK@TRILOCOR.LOCAL","distinguishedname":"CN=RAS AND IAS SERVERS ACCESS CHECK,CN=SYSTEM,DC=TRILOCOR,DC=LOCAL","domainsid":"S-1-5-21-748909465-2105014040-255522671","highvalue":false},"ChildObjects":[],"Aces":[{"PrincipalSID":"S-1-5-21-748909465-2105014040-255522671-512","PrincipalType":"Group","RightName":"Owns","IsInherited":false},{"PrincipalSID":"S-1-5-21-748909465-2105014040-255522671-553","PrincipalType":"Group","RightName":"WriteDacl","IsInherited":false},{"PrincipalSID":"S-1-5-21-748909465-2105014040-255522671-553","PrincipalType":"Group","RightName":"WriteOwner","IsInherited":false},{"PrincipalSID":"S-1-5-21-748909465-2105014040-255522671-4628","PrincipalType":"User","RightName":"WriteDacl","IsInherited":true},{"PrincipalSID":"S-1-5-21-748909465-2105014040-255522671-519","PrincipalType":"Group","RightName":"GenericAll","IsInherited":true},{"PrincipalSID":"TRILOCOR.LOCAL-S-1-5-32-544","PrincipalType":"Group","RightName":"WriteDacl","IsInherited":true},{"PrincipalSID":"TRILOCOR.LOCAL-S-1-5-32-544","PrincipalType":"Group","RightName":"WriteOwner","IsInherited":true}],"ObjectIdentifier":"23C565DB-528E-420A-A08A-CB0FE18F7CCC","IsDeleted":false,"IsACLProtected":false},{"Properties":{"domain":"TRILOCOR.LOCAL","name":"WINSOCKSERVICES@TRILOCOR.LOCAL","distinguishedname":"CN=WINSOCKSERVICES,CN=SYSTEM,DC=TRILOCOR,DC=LOCAL","domainsid":"S-1-5-21-748909465-2105014040-255522671","highvalue":false},"ChildObjects":[],"Aces":[{"PrincipalSID":"S-1-5-21-748909465-2105014040-255522671-512","PrincipalType":"Group","RightName":"Owns","IsInherited":false},{"PrincipalSID":"S-1-5-21-748909465-2105014040-255522671-512","PrincipalType":"Group","RightName":"WriteDacl","IsInherited":false},{"PrincipalSID":"S-1-5-21-748909465-2105014040-255522671-512","PrincipalType":"Group","RightName":"WriteOwner","IsInherited":false},{"PrincipalSID":"S-1-5-21-748909465-2105014040-255522671-4628","PrincipalType":"User","RightName":"WriteDacl","IsInherited":true},{"PrincipalSID":"S-1-5-21-748909465-2105014040-255522671-519","PrincipalType":"Group","RightName":"GenericAll","IsInherited":true},{"PrincipalSID":"TRILOCOR.LOCAL-S-1-5-32-544","PrincipalType":"Group","RightName":"WriteDacl","IsInherited":true},{"PrincipalSID":"TRILOCOR.LOCAL-S-1-5-32-544","PrincipalType":"Group","RightName":"WriteOwner","IsInherited":true}],"ObjectIdentifier":"85AFBAE0-B775-4B7F-8E27-61985069277F","IsDeleted":false,"IsACLProtected":false},{"Properties":{"domain":"TRILOCOR.LOCAL","name":"COMPARTITIONS@TRILOCOR.LOCAL","distinguishedname":"CN=COMPARTITIONS,CN=SYSTEM,DC=TRILOCOR,DC=LOCAL","domainsid":"S-1-5-21-748909465-2105014040-255522671","highvalue":false},"ChildObjects":[],"Aces":[{"PrincipalSID":"S-1-5-21-748909465-2105014040-255522671-512","PrincipalType":"Group","RightName":"Owns","IsInherited":false},{"PrincipalSID":"S-1-5-21-748909465-2105014040-255522671-512","PrincipalType":"Group","RightName":"WriteDacl","IsInherited":false},{"PrincipalSID":"S-1-5-21-748909465-2105014040-255522671-512","PrincipalType":"Group","RightName":"WriteOwner","IsInherited":false},{"PrincipalSID":"S-1-5-21-748909465-2105014040-255522671-4628","PrincipalType":"User","RightName":"WriteDacl","IsInherited":true},{"PrincipalSID":"S-1-5-21-748909465-2105014040-255522671-519","PrincipalType":"Group","RightName":"GenericAll","IsInherited":true},{"PrincipalSID":"TRILOCOR.LOCAL-S-1-5-32-544","PrincipalType":"Group","RightName":"WriteDacl","IsInherited":true},{"PrincipalSID":"TRILOCOR.LOCAL-S-1-5-32-544","PrincipalType":"Group","RightName":"WriteOwner","IsInherited":true}],"ObjectIdentifier":"B260E6B9-5529-49DF-9CBC-3913A041C97F","IsDeleted":false,"IsACLProtected":false},{"Properties":{"domain":"TRILOCOR.LOCAL","name":"PROGRAM DATA@TRILOCOR.LOCAL","distinguishedname":"CN=PROGRAM DATA,DC=TRILOCOR,DC=LOCAL","domainsid":"S-1-5-21-748909465-2105014040-255522671","highvalue":false},"ChildObjects":[],"Aces":[{"PrincipalSID":"S-1-5-21-748909465-2105014040-255522671-512","PrincipalType":"Group","RightName":"Owns","IsInherited":false},{"PrincipalSID":"S-1-5-21-748909465-2105014040-255522671-512","PrincipalType":"Group","RightName":"GenericAll","IsInherited":false},{"PrincipalSID":"S-1-5-21-748909465-2105014040-255522671-4628","PrincipalType":"User","RightName":"WriteDacl","IsInherited":true},{"PrincipalSID":"S-1-5-21-748909465-2105014040-255522671-519","PrincipalType":"Group","RightName":"GenericAll","IsInherited":true},{"PrincipalSID":"TRILOCOR.LOCAL-S-1-5-32-544","PrincipalType":"Group","RightName":"WriteDacl","IsInherited":true},{"PrincipalSID":"TRILOCOR.LOCAL-S-1-5-32-544","PrincipalType":"Group","RightName":"WriteOwner","IsInherited":true}],"ObjectIdentifier":"EBFB64B0-77F6-4306-9E60-7F9C1E200FF9","IsDeleted":false,"IsACLProtected":false},{"Properties":{"domain":"TRILOCOR.LOCAL","name":"PSPS@TRILOCOR.LOCAL","distinguishedname":"CN=PSPS,CN=SYSTEM,DC=TRILOCOR,DC=LOCAL","domainsid":"S-1-5-21-748909465-2105014040-255522671","highvalue":false},"ChildObjects":[],"Aces":[{"PrincipalSID":"S-1-5-21-748909465-2105014040-255522671-512","PrincipalType":"Group","RightName":"Owns","IsInherited":false},{"PrincipalSID":"S-1-5-21-748909465-2105014040-255522671-512","PrincipalType":"Group","RightName":"GenericAll","IsInherited":false},{"PrincipalSID":"S-1-5-21-748909465-2105014040-255522671-4628","PrincipalType":"User","RightName":"WriteDacl","IsInherited":true},{"PrincipalSID":"S-1-5-21-748909465-2105014040-255522671-519","PrincipalType":"Group","RightName":"GenericAll","IsInherited":true},{"PrincipalSID":"TRILOCOR.LOCAL-S-1-5-32-544","PrincipalType":"Group","RightName":"WriteDacl","IsInherited":true},{"PrincipalSID":"TRILOCOR.LOCAL-S-1-5-32-544","PrincipalType":"Group","RightName":"WriteOwner","IsInherited":true}],"ObjectIdentifier":"3EF1EBF6-3C27-497A-AC57-FA4BED088AA5","IsDeleted":false,"IsACLProtected":false},{"Properties":{"domain":"TRILOCOR.LOCAL","name":"COMPUTERS@TRILOCOR.LOCAL","distinguishedname":"CN=COMPUTERS,DC=TRILOCOR,DC=LOCAL","domainsid":"S-1-5-21-748909465-2105014040-255522671","highvalue":false},"ChildObjects":[{"ObjectIdentifier":"S-1-5-21-748909465-2105014040-255522671-1176","ObjectType":"Computer"},{"ObjectIdentifier":"S-1-5-21-748909465-2105014040-255522671-1159","ObjectType":"Computer"},{"ObjectIdentifier":"S-1-5-21-748909465-2105014040-255522671-1162","ObjectType":"Computer"},{"ObjectIdentifier":"S-1-5-21-748909465-2105014040-255522671-1161","ObjectType":"Computer"},{"ObjectIdentifier":"S-1-5-21-748909465-2105014040-255522671-1106","ObjectType":"Computer"},{"ObjectIdentifier":"S-1-5-21-748909465-2105014040-255522671-1160","ObjectType":"Computer"},{"ObjectIdentifier":"S-1-5-21-748909465-2105014040-255522671-1163","ObjectType":"Computer"},{"ObjectIdentifier":"S-1-5-21-748909465-2105014040-255522671-1526","ObjectType":"Computer"},{"ObjectIdentifier":"S-1-5-21-748909465-2105014040-255522671-1527","ObjectType":"Computer"},{"ObjectIdentifier":"S-1-5-21-748909465-2105014040-255522671-1528","ObjectType":"Computer"},{"ObjectIdentifier":"S-1-5-21-748909465-2105014040-255522671-1529","ObjectType":"Computer"},{"ObjectIdentifier":"S-1-5-21-748909465-2105014040-255522671-1530","ObjectType":"Computer"},{"ObjectIdentifier":"S-1-5-21-748909465-2105014040-255522671-1531","ObjectType":"Computer"},{"ObjectIdentifier":"S-1-5-21-748909465-2105014040-255522671-1523","ObjectType":"Computer"},{"ObjectIdentifier":"S-1-5-21-748909465-2105014040-255522671-1524","ObjectType":"Computer"},{"ObjectIdentifier":"S-1-5-21-748909465-2105014040-255522671-1525","ObjectType":"Computer"},{"ObjectIdentifier":"S-1-5-21-748909465-2105014040-255522671-1135","ObjectType":"Computer"},{"ObjectIdentifier":"S-1-5-21-748909465-2105014040-255522671-1136","ObjectType":"Computer"},{"ObjectIdentifier":"S-1-5-21-748909465-2105014040-255522671-1137","ObjectType":"Computer"},{"ObjectIdentifier":"S-1-5-21-748909465-2105014040-255522671-1138","ObjectType":"Computer"},{"ObjectIdentifier":"S-1-5-21-748909465-2105014040-255522671-1139","ObjectType":"Computer"},{"ObjectIdentifier":"S-1-5-21-748909465-2105014040-255522671-1140","ObjectType":"Computer"},{"ObjectIdentifier":"S-1-5-21-748909465-2105014040-255522671-1141","ObjectType":"Computer"},{"ObjectIdentifier":"S-1-5-21-748909465-2105014040-255522671-1142","ObjectType":"Computer"},{"ObjectIdentifier":"S-1-5-21-748909465-2105014040-255522671-1143","ObjectType":"Computer"},{"ObjectIdentifier":"S-1-5-21-748909465-2105014040-255522671-1144","ObjectType":"Computer"},{"ObjectIdentifier":"S-1-5-21-748909465-2105014040-255522671-1145","ObjectType":"Computer"},{"ObjectIdentifier":"S-1-5-21-748909465-2105014040-255522671-1146","ObjectType":"Computer"},{"ObjectIdentifier":"S-1-5-21-748909465-2105014040-255522671-1147","ObjectType":"Computer"},{"ObjectIdentifier":"S-1-5-21-748909465-2105014040-255522671-1148","ObjectType":"Computer"},{"ObjectIdentifier":"S-1-5-21-748909465-2105014040-255522671-1149","ObjectType":"Computer"},{"ObjectIdentifier":"S-1-5-21-748909465-2105014040-255522671-1150","ObjectType":"Computer"},{"ObjectIdentifier":"S-1-5-21-748909465-2105014040-255522671-1151","ObjectType":"Computer"},{"ObjectIdentifier":"S-1-5-21-748909465-2105014040-255522671-1152","ObjectType":"Computer"},{"ObjectIdentifier":"S-1-5-21-748909465-2105014040-255522671-1153","ObjectType":"Computer"},{"ObjectIdentifier":"S-1-5-21-748909465-2105014040-255522671-1464","ObjectType":"Computer"},{"ObjectIdentifier":"S-1-5-21-748909465-2105014040-255522671-1465","ObjectType":"Computer"},{"ObjectIdentifier":"S-1-5-21-748909465-2105014040-255522671-1466","ObjectType":"Computer"},{"ObjectIdentifier":"S-1-5-21-748909465-2105014040-255522671-1467","ObjectType":"Computer"},{"ObjectIdentifier":"S-1-5-21-748909465-2105014040-255522671-1468","ObjectType":"Computer"},{"ObjectIdentifier":"S-1-5-21-748909465-2105014040-255522671-1469","ObjectType":"Computer"},{"ObjectIdentifier":"S-1-5-21-748909465-2105014040-255522671-1470","ObjectType":"Computer"},{"ObjectIdentifier":"S-1-5-21-748909465-2105014040-255522671-1471","ObjectType":"Computer"},{"ObjectIdentifier":"S-1-5-21-748909465-2105014040-255522671-1472","ObjectType":"Computer"},{"ObjectIdentifier":"S-1-5-21-748909465-2105014040-255522671-1473","ObjectType":"Computer"},{"ObjectIdentifier":"S-1-5-21-748909465-2105014040-255522671-1474","ObjectType":"Computer"},{"ObjectIdentifier":"S-1-5-21-748909465-2105014040-255522671-1475","ObjectType":"Computer"},{"ObjectIdentifier":"S-1-5-21-748909465-2105014040-255522671-1476","ObjectType":"Computer"},{"ObjectIdentifier":"S-1-5-21-748909465-2105014040-255522671-1477","ObjectType":"Computer"},{"ObjectIdentifier":"S-1-5-21-748909465-2105014040-255522671-1478","ObjectType":"Computer"},{"ObjectIdentifier":"S-1-5-21-748909465-2105014040-255522671-1479","ObjectType":"Computer"},{"ObjectIdentifier":"S-1-5-21-748909465-2105014040-255522671-1480","ObjectType":"Computer"},{"ObjectIdentifier":"S-1-5-21-748909465-2105014040-255522671-1481","ObjectType":"Computer"},{"ObjectIdentifier":"S-1-5-21-748909465-2105014040-255522671-1482","ObjectType":"Computer"},{"ObjectIdentifier":"S-1-5-21-748909465-2105014040-255522671-1483","ObjectType":"Computer"},{"ObjectIdentifier":"S-1-5-21-748909465-2105014040-255522671-1484","ObjectType":"Computer"},{"ObjectIdentifier":"S-1-5-21-748909465-2105014040-255522671-1485","ObjectType":"Computer"},{"ObjectIdentifier":"S-1-5-21-748909465-2105014040-255522671-1486","ObjectType":"Computer"},{"ObjectIdentifier":"S-1-5-21-748909465-2105014040-255522671-1487","ObjectType":"Computer"},{"ObjectIdentifier":"S-1-5-21-748909465-2105014040-255522671-1488","ObjectType":"Computer"},{"ObjectIdentifier":"S-1-5-21-748909465-2105014040-255522671-1489","ObjectType":"Computer"},{"ObjectIdentifier":"S-1-5-21-748909465-2105014040-255522671-1490","ObjectType":"Computer"},{"ObjectIdentifier":"S-1-5-21-748909465-2105014040-255522671-1491","ObjectType":"Computer"},{"ObjectIdentifier":"S-1-5-21-748909465-2105014040-255522671-1492","ObjectType":"Computer"},{"ObjectIdentifier":"S-1-5-21-748909465-2105014040-255522671-1493","ObjectType":"Computer"},{"ObjectIdentifier":"S-1-5-21-748909465-2105014040-255522671-1494","ObjectType":"Computer"},{"ObjectIdentifier":"S-1-5-21-748909465-2105014040-255522671-1495","ObjectType":"Computer"},{"ObjectIdentifier":"S-1-5-21-748909465-2105014040-255522671-1496","ObjectType":"Computer"},{"ObjectIdentifier":"S-1-5-21-748909465-2105014040-255522671-1497","ObjectType":"Computer"},{"ObjectIdentifier":"S-1-5-21-748909465-2105014040-255522671-1498","ObjectType":"Computer"},{"ObjectIdentifier":"S-1-5-21-748909465-2105014040-255522671-1499","ObjectType":"Computer"},{"ObjectIdentifier":"S-1-5-21-748909465-2105014040-255522671-1500","ObjectType":"Computer"},{"ObjectIdentifier":"S-1-5-21-748909465-2105014040-255522671-1501","ObjectType":"Computer"},{"ObjectIdentifier":"S-1-5-21-748909465-2105014040-255522671-1502","ObjectType":"Computer"},{"ObjectIdentifier":"S-1-5-21-748909465-2105014040-255522671-1503","ObjectType":"Computer"},{"ObjectIdentifier":"S-1-5-21-748909465-2105014040-255522671-1504","ObjectType":"Computer"},{"ObjectIdentifier":"S-1-5-21-748909465-2105014040-255522671-1505","ObjectType":"Computer"},{"ObjectIdentifier":"S-1-5-21-748909465-2105014040-255522671-1506","ObjectType":"Computer"},{"ObjectIdentifier":"S-1-5-21-748909465-2105014040-255522671-1507","ObjectType":"Computer"},{"ObjectIdentifier":"S-1-5-21-748909465-2105014040-255522671-1508","ObjectType":"Computer"},{"ObjectIdentifier":"S-1-5-21-748909465-2105014040-255522671-1509","ObjectType":"Computer"},{"ObjectIdentifier":"S-1-5-21-748909465-2105014040-255522671-1510","ObjectType":"Computer"},{"ObjectIdentifier":"S-1-5-21-748909465-2105014040-255522671-1511","ObjectType":"Computer"},{"ObjectIdentifier":"S-1-5-21-748909465-2105014040-255522671-1512","ObjectType":"Computer"},{"ObjectIdentifier":"S-1-5-21-748909465-2105014040-255522671-1513","ObjectType":"Computer"},{"ObjectIdentifier":"S-1-5-21-748909465-2105014040-255522671-1514","ObjectType":"Computer"},{"ObjectIdentifier":"S-1-5-21-748909465-2105014040-255522671-1515","ObjectType":"Computer"},{"ObjectIdentifier":"S-1-5-21-748909465-2105014040-255522671-1516","ObjectType":"Computer"},{"ObjectIdentifier":"S-1-5-21-748909465-2105014040-255522671-1517","ObjectType":"Computer"},{"ObjectIdentifier":"S-1-5-21-748909465-2105014040-255522671-1518","ObjectType":"Computer"},{"ObjectIdentifier":"S-1-5-21-748909465-2105014040-255522671-1519","ObjectType":"Computer"},{"ObjectIdentifier":"S-1-5-21-748909465-2105014040-255522671-1520","ObjectType":"Computer"},{"ObjectIdentifier":"S-1-5-21-748909465-2105014040-255522671-1521","ObjectType":"Computer"},{"ObjectIdentifier":"S-1-5-21-748909465-2105014040-255522671-1522","ObjectType":"Computer"},{"ObjectIdentifier":"S-1-5-21-748909465-2105014040-255522671-1180","ObjectType":"Computer"},{"ObjectIdentifier":"S-1-5-21-748909465-2105014040-255522671-1356","ObjectType":"Computer"},{"ObjectIdentifier":"S-1-5-21-748909465-2105014040-255522671-1357","ObjectType":"Computer"},{"ObjectIdentifier":"S-1-5-21-748909465-2105014040-255522671-1358","ObjectType":"Computer"},{"ObjectIdentifier":"S-1-5-21-748909465-2105014040-255522671-1359","ObjectType":"Computer"},{"ObjectIdentifier":"S-1-5-21-748909465-2105014040-255522671-1360","ObjectType":"Computer"},{"ObjectIdentifier":"S-1-5-21-748909465-2105014040-255522671-1361","ObjectType":"Computer"},{"ObjectIdentifier":"S-1-5-21-748909465-2105014040-255522671-1362","ObjectType":"Computer"},{"ObjectIdentifier":"S-1-5-21-748909465-2105014040-255522671-1363","ObjectType":"Computer"},{"ObjectIdentifier":"S-1-5-21-748909465-2105014040-255522671-1364","ObjectType":"Computer"},{"ObjectIdentifier":"S-1-5-21-748909465-2105014040-255522671-1365","ObjectType":"Computer"},{"ObjectIdentifier":"S-1-5-21-748909465-2105014040-255522671-1366","ObjectType":"Computer"},{"ObjectIdentifier":"S-1-5-21-748909465-2105014040-255522671-1367","ObjectType":"Computer"},{"ObjectIdentifier":"S-1-5-21-748909465-2105014040-255522671-1368","ObjectType":"Computer"},{"ObjectIdentifier":"S-1-5-21-748909465-2105014040-255522671-1369","ObjectType":"Computer"},{"ObjectIdentifier":"S-1-5-21-748909465-2105014040-255522671-1370","ObjectType":"Computer"},{"ObjectIdentifier":"S-1-5-21-748909465-2105014040-255522671-1371","ObjectType":"Computer"},{"ObjectIdentifier":"S-1-5-21-748909465-2105014040-255522671-1372","ObjectType":"Computer"},{"ObjectIdentifier":"S-1-5-21-748909465-2105014040-255522671-1373","ObjectType":"Computer"},{"ObjectIdentifier":"S-1-5-21-748909465-2105014040-255522671-1374","ObjectType":"Computer"},{"ObjectIdentifier":"S-1-5-21-748909465-2105014040-255522671-1375","ObjectType":"Computer"},{"ObjectIdentifier":"S-1-5-21-748909465-2105014040-255522671-1376","ObjectType":"Computer"},{"ObjectIdentifier":"S-1-5-21-748909465-2105014040-255522671-1377","ObjectType":"Computer"},{"ObjectIdentifier":"S-1-5-21-748909465-2105014040-255522671-1378","ObjectType":"Computer"},{"ObjectIdentifier":"S-1-5-21-748909465-2105014040-255522671-1379","ObjectType":"Computer"},{"ObjectIdentifier":"S-1-5-21-748909465-2105014040-255522671-1380","ObjectType":"Computer"},{"ObjectIdentifier":"S-1-5-21-748909465-2105014040-255522671-1381","ObjectType":"Computer"},{"ObjectIdentifier":"S-1-5-21-748909465-2105014040-255522671-1382","ObjectType":"Computer"},{"ObjectIdentifier":"S-1-5-21-748909465-2105014040-255522671-1383","ObjectType":"Computer"},{"ObjectIdentifier":"S-1-5-21-748909465-2105014040-255522671-1384","ObjectType":"Computer"},{"ObjectIdentifier":"S-1-5-21-748909465-2105014040-255522671-1385","ObjectType":"Computer"},{"ObjectIdentifier":"S-1-5-21-748909465-2105014040-255522671-1386","ObjectType":"Computer"},{"ObjectIdentifier":"S-1-5-21-748909465-2105014040-255522671-1387","ObjectType":"Computer"},{"ObjectIdentifier":"S-1-5-21-748909465-2105014040-255522671-1104","ObjectType":"Computer"},{"ObjectIdentifier":"S-1-5-21-748909465-2105014040-255522671-1154","ObjectType":"Computer"},{"ObjectIdentifier":"S-1-5-21-748909465-2105014040-255522671-1107","ObjectType":"Computer"},{"ObjectIdentifier":"S-1-5-21-748909465-2105014040-255522671-1156","ObjectType":"Computer"},{"ObjectIdentifier":"S-1-5-21-748909465-2105014040-255522671-1158","ObjectType":"Computer"},{"ObjectIdentifier":"S-1-5-21-748909465-2105014040-255522671-1388","ObjectType":"Computer"},{"ObjectIdentifier":"S-1-5-21-748909465-2105014040-255522671-1389","ObjectType":"Computer"},{"ObjectIdentifier":"S-1-5-21-748909465-2105014040-255522671-1390","ObjectType":"Computer"},{"ObjectIdentifier":"S-1-5-21-748909465-2105014040-255522671-1391","ObjectType":"Computer"},{"ObjectIdentifier":"S-1-5-21-748909465-2105014040-255522671-1392","ObjectType":"Computer"},{"ObjectIdentifier":"S-1-5-21-748909465-2105014040-255522671-1393","ObjectType":"Computer"},{"ObjectIdentifier":"S-1-5-21-748909465-2105014040-255522671-1394","ObjectType":"Computer"},{"ObjectIdentifier":"S-1-5-21-748909465-2105014040-255522671-1395","ObjectType":"Computer"},{"ObjectIdentifier":"S-1-5-21-748909465-2105014040-255522671-1396","ObjectType":"Computer"},{"ObjectIdentifier":"S-1-5-21-748909465-2105014040-255522671-1397","ObjectType":"Computer"},{"ObjectIdentifier":"S-1-5-21-748909465-2105014040-255522671-1398","ObjectType":"Computer"},{"ObjectIdentifier":"S-1-5-21-748909465-2105014040-255522671-1399","ObjectType":"Computer"},{"ObjectIdentifier":"S-1-5-21-748909465-2105014040-255522671-1400","ObjectType":"Computer"},{"ObjectIdentifier":"S-1-5-21-748909465-2105014040-255522671-1401","ObjectType":"Computer"},{"ObjectIdentifier":"S-1-5-21-748909465-2105014040-255522671-1402","ObjectType":"Computer"},{"ObjectIdentifier":"S-1-5-21-748909465-2105014040-255522671-1403","ObjectType":"Computer"},{"ObjectIdentifier":"S-1-5-21-748909465-2105014040-255522671-1404","ObjectType":"Computer"},{"ObjectIdentifier":"S-1-5-21-748909465-2105014040-255522671-1405","ObjectType":"Computer"},{"ObjectIdentifier":"S-1-5-21-748909465-2105014040-255522671-1406","ObjectType":"Computer"},{"ObjectIdentifier":"S-1-5-21-748909465-2105014040-255522671-1407","ObjectType":"Computer"},{"ObjectIdentifier":"S-1-5-21-748909465-2105014040-255522671-1408","ObjectType":"Computer"},{"ObjectIdentifier":"S-1-5-21-748909465-2105014040-255522671-1409","ObjectType":"Computer"},{"ObjectIdentifier":"S-1-5-21-748909465-2105014040-255522671-1410","ObjectType":"Computer"},{"ObjectIdentifier":"S-1-5-21-748909465-2105014040-255522671-1411","ObjectType":"Computer"},{"ObjectIdentifier":"S-1-5-21-748909465-2105014040-255522671-1412","ObjectType":"Computer"},{"ObjectIdentifier":"S-1-5-21-748909465-2105014040-255522671-1413","ObjectType":"Computer"},{"ObjectIdentifier":"S-1-5-21-748909465-2105014040-255522671-1414","ObjectType":"Computer"},{"ObjectIdentifier":"S-1-5-21-748909465-2105014040-255522671-1415","ObjectType":"Computer"},{"ObjectIdentifier":"S-1-5-21-748909465-2105014040-255522671-1416","ObjectType":"Computer"},{"ObjectIdentifier":"S-1-5-21-748909465-2105014040-255522671-1417","ObjectType":"Computer"},{"ObjectIdentifier":"S-1-5-21-748909465-2105014040-255522671-1418","ObjectType":"Computer"},{"ObjectIdentifier":"S-1-5-21-748909465-2105014040-255522671-1118","ObjectType":"Computer"},{"ObjectIdentifier":"S-1-5-21-748909465-2105014040-255522671-1119","ObjectType":"Computer"},{"ObjectIdentifier":"S-1-5-21-748909465-2105014040-255522671-1120","ObjectType":"Computer"},{"ObjectIdentifier":"S-1-5-21-748909465-2105014040-255522671-1121","ObjectType":"Computer"},{"ObjectIdentifier":"S-1-5-21-748909465-2105014040-255522671-1122","ObjectType":"Computer"},{"ObjectIdentifier":"S-1-5-21-748909465-2105014040-255522671-1123","ObjectType":"Computer"},{"ObjectIdentifier":"S-1-5-21-748909465-2105014040-255522671-1124","ObjectType":"Computer"},{"ObjectIdentifier":"S-1-5-21-748909465-2105014040-255522671-1125","ObjectType":"Computer"},{"ObjectIdentifier":"S-1-5-21-748909465-2105014040-255522671-1126","ObjectType":"Computer"},{"ObjectIdentifier":"S-1-5-21-748909465-2105014040-255522671-1127","ObjectType":"Computer"},{"ObjectIdentifier":"S-1-5-21-748909465-2105014040-255522671-1128","ObjectType":"Computer"},{"ObjectIdentifier":"S-1-5-21-748909465-2105014040-255522671-1129","ObjectType":"Computer"},{"ObjectIdentifier":"S-1-5-21-748909465-2105014040-255522671-1130","ObjectType":"Computer"},{"ObjectIdentifier":"S-1-5-21-748909465-2105014040-255522671-1131","ObjectType":"Computer"},{"ObjectIdentifier":"S-1-5-21-748909465-2105014040-255522671-1132","ObjectType":"Computer"},{"ObjectIdentifier":"S-1-5-21-748909465-2105014040-255522671-1133","ObjectType":"Computer"},{"ObjectIdentifier":"S-1-5-21-748909465-2105014040-255522671-1134","ObjectType":"Computer"},{"ObjectIdentifier":"S-1-5-21-748909465-2105014040-255522671-1419","ObjectType":"Computer"},{"ObjectIdentifier":"S-1-5-21-748909465-2105014040-255522671-1420","ObjectType":"Computer"},{"ObjectIdentifier":"S-1-5-21-748909465-2105014040-255522671-1421","ObjectType":"Computer"},{"ObjectIdentifier":"S-1-5-21-748909465-2105014040-255522671-1422","ObjectType":"Computer"},{"ObjectIdentifier":"S-1-5-21-748909465-2105014040-255522671-1423","ObjectType":"Computer"},{"ObjectIdentifier":"S-1-5-21-748909465-2105014040-255522671-1424","ObjectType":"Computer"},{"ObjectIdentifier":"S-1-5-21-748909465-2105014040-255522671-1425","ObjectType":"Computer"},{"ObjectIdentifier":"S-1-5-21-748909465-2105014040-255522671-1426","ObjectType":"Computer"},{"ObjectIdentifier":"S-1-5-21-748909465-2105014040-255522671-1427","ObjectType":"Computer"},{"ObjectIdentifier":"S-1-5-21-748909465-2105014040-255522671-1428","ObjectType":"Computer"},{"ObjectIdentifier":"S-1-5-21-748909465-2105014040-255522671-1429","ObjectType":"Computer"},{"ObjectIdentifier":"S-1-5-21-748909465-2105014040-255522671-1430","ObjectType":"Computer"},{"ObjectIdentifier":"S-1-5-21-748909465-2105014040-255522671-1431","ObjectType":"Computer"},{"ObjectIdentifier":"S-1-5-21-748909465-2105014040-255522671-1432","ObjectType":"Computer"},{"ObjectIdentifier":"S-1-5-21-748909465-2105014040-255522671-1433","ObjectType":"Computer"},{"ObjectIdentifier":"S-1-5-21-748909465-2105014040-255522671-1434","ObjectType":"Computer"},{"ObjectIdentifier":"S-1-5-21-748909465-2105014040-255522671-1435","ObjectType":"Computer"},{"ObjectIdentifier":"S-1-5-21-748909465-2105014040-255522671-1436","ObjectType":"Computer"},{"ObjectIdentifier":"S-1-5-21-748909465-2105014040-255522671-1437","ObjectType":"Computer"},{"ObjectIdentifier":"S-1-5-21-748909465-2105014040-255522671-1438","ObjectType":"Computer"},{"ObjectIdentifier":"S-1-5-21-748909465-2105014040-255522671-1439","ObjectType":"Computer"},{"ObjectIdentifier":"S-1-5-21-748909465-2105014040-255522671-1440","ObjectType":"Computer"},{"ObjectIdentifier":"S-1-5-21-748909465-2105014040-255522671-1441","ObjectType":"Computer"},{"ObjectIdentifier":"S-1-5-21-748909465-2105014040-255522671-1442","ObjectType":"Computer"},{"ObjectIdentifier":"S-1-5-21-748909465-2105014040-255522671-1443","ObjectType":"Computer"},{"ObjectIdentifier":"S-1-5-21-748909465-2105014040-255522671-1444","ObjectType":"Computer"},{"ObjectIdentifier":"S-1-5-21-748909465-2105014040-255522671-1445","ObjectType":"Computer"},{"ObjectIdentifier":"S-1-5-21-748909465-2105014040-255522671-1446","ObjectType":"Computer"},{"ObjectIdentifier":"S-1-5-21-748909465-2105014040-255522671-1447","ObjectType":"Computer"},{"ObjectIdentifier":"S-1-5-21-748909465-2105014040-255522671-1448","ObjectType":"Computer"},{"ObjectIdentifier":"S-1-5-21-748909465-2105014040-255522671-1449","ObjectType":"Computer"},{"ObjectIdentifier":"S-1-5-21-748909465-2105014040-255522671-1450","ObjectType":"Computer"},{"ObjectIdentifier":"S-1-5-21-748909465-2105014040-255522671-1451","ObjectType":"Computer"},{"ObjectIdentifier":"S-1-5-21-748909465-2105014040-255522671-1452","ObjectType":"Computer"},{"ObjectIdentifier":"S-1-5-21-748909465-2105014040-255522671-1453","ObjectType":"Computer"},{"ObjectIdentifier":"S-1-5-21-748909465-2105014040-255522671-1454","ObjectType":"Computer"},{"ObjectIdentifier":"S-1-5-21-748909465-2105014040-255522671-1455","ObjectType":"Computer"},{"ObjectIdentifier":"S-1-5-21-748909465-2105014040-255522671-1456","ObjectType":"Computer"},{"ObjectIdentifier":"S-1-5-21-748909465-2105014040-255522671-1457","ObjectType":"Computer"},{"ObjectIdentifier":"S-1-5-21-748909465-2105014040-255522671-1458","ObjectType":"Computer"},{"ObjectIdentifier":"S-1-5-21-748909465-2105014040-255522671-1459","ObjectType":"Computer"},{"ObjectIdentifier":"S-1-5-21-748909465-2105014040-255522671-1460","ObjectType":"Computer"},{"ObjectIdentifier":"S-1-5-21-748909465-2105014040-255522671-1461","ObjectType":"Computer"},{"ObjectIdentifier":"S-1-5-21-748909465-2105014040-255522671-1462","ObjectType":"Computer"},{"ObjectIdentifier":"S-1-5-21-748909465-2105014040-255522671-1463","ObjectType":"Computer"},{"ObjectIdentifier":"S-1-5-21-748909465-2105014040-255522671-1178","ObjectType":"Computer"},{"ObjectIdentifier":"S-1-5-21-748909465-2105014040-255522671-1189","ObjectType":"Computer"},{"ObjectIdentifier":"S-1-5-21-748909465-2105014040-255522671-1190","ObjectType":"Computer"},{"ObjectIdentifier":"S-1-5-21-748909465-2105014040-255522671-1191","ObjectType":"Computer"},{"ObjectIdentifier":"S-1-5-21-748909465-2105014040-255522671-1192","ObjectType":"Computer"},{"ObjectIdentifier":"S-1-5-21-748909465-2105014040-255522671-1193","ObjectType":"Computer"},{"ObjectIdentifier":"S-1-5-21-748909465-2105014040-255522671-1194","ObjectType":"Computer"},{"ObjectIdentifier":"S-1-5-21-748909465-2105014040-255522671-1195","ObjectType":"Computer"},{"ObjectIdentifier":"S-1-5-21-748909465-2105014040-255522671-1196","ObjectType":"Computer"},{"ObjectIdentifier":"S-1-5-21-748909465-2105014040-255522671-1197","ObjectType":"Computer"},{"ObjectIdentifier":"S-1-5-21-748909465-2105014040-255522671-1198","ObjectType":"Computer"},{"ObjectIdentifier":"S-1-5-21-748909465-2105014040-255522671-1199","ObjectType":"Computer"},{"ObjectIdentifier":"S-1-5-21-748909465-2105014040-255522671-1200","ObjectType":"Computer"},{"ObjectIdentifier":"S-1-5-21-748909465-2105014040-255522671-1201","ObjectType":"Computer"},{"ObjectIdentifier":"S-1-5-21-748909465-2105014040-255522671-1202","ObjectType":"Computer"},{"ObjectIdentifier":"S-1-5-21-748909465-2105014040-255522671-1203","ObjectType":"Computer"},{"ObjectIdentifier":"S-1-5-21-748909465-2105014040-255522671-1204","ObjectType":"Computer"},{"ObjectIdentifier":"S-1-5-21-748909465-2105014040-255522671-1205","ObjectType":"Computer"},{"ObjectIdentifier":"S-1-5-21-748909465-2105014040-255522671-1206","ObjectType":"Computer"},{"ObjectIdentifier":"S-1-5-21-748909465-2105014040-255522671-1207","ObjectType":"Computer"},{"ObjectIdentifier":"S-1-5-21-748909465-2105014040-255522671-1208","ObjectType":"Computer"},{"ObjectIdentifier":"S-1-5-21-748909465-2105014040-255522671-1209","ObjectType":"Computer"},{"ObjectIdentifier":"S-1-5-21-748909465-2105014040-255522671-1210","ObjectType":"Computer"},{"ObjectIdentifier":"S-1-5-21-748909465-2105014040-255522671-1211","ObjectType":"Computer"},{"ObjectIdentifier":"S-1-5-21-748909465-2105014040-255522671-1212","ObjectType":"Computer"},{"ObjectIdentifier":"S-1-5-21-748909465-2105014040-255522671-1213","ObjectType":"Computer"},{"ObjectIdentifier":"S-1-5-21-748909465-2105014040-255522671-1214","ObjectType":"Computer"},{"ObjectIdentifier":"S-1-5-21-748909465-2105014040-255522671-1215","ObjectType":"Computer"},{"ObjectIdentifier":"S-1-5-21-748909465-2105014040-255522671-1216","ObjectType":"Computer"},{"ObjectIdentifier":"S-1-5-21-748909465-2105014040-255522671-1217","ObjectType":"Computer"},{"ObjectIdentifier":"S-1-5-21-748909465-2105014040-255522671-1218","ObjectType":"Computer"},{"ObjectIdentifier":"S-1-5-21-748909465-2105014040-255522671-1219","ObjectType":"Computer"},{"ObjectIdentifier":"S-1-5-21-748909465-2105014040-255522671-1220","ObjectType":"Computer"},{"ObjectIdentifier":"S-1-5-21-748909465-2105014040-255522671-1221","ObjectType":"Computer"},{"ObjectIdentifier":"S-1-5-21-748909465-2105014040-255522671-1222","ObjectType":"Computer"},{"ObjectIdentifier":"S-1-5-21-748909465-2105014040-255522671-1223","ObjectType":"Computer"},{"ObjectIdentifier":"S-1-5-21-748909465-2105014040-255522671-1224","ObjectType":"Computer"},{"ObjectIdentifier":"S-1-5-21-748909465-2105014040-255522671-1225","ObjectType":"Computer"},{"ObjectIdentifier":"S-1-5-21-748909465-2105014040-255522671-1226","ObjectType":"Computer"},{"ObjectIdentifier":"S-1-5-21-748909465-2105014040-255522671-1227","ObjectType":"Computer"},{"ObjectIdentifier":"S-1-5-21-748909465-2105014040-255522671-1228","ObjectType":"Computer"},{"ObjectIdentifier":"S-1-5-21-748909465-2105014040-255522671-1229","ObjectType":"Computer"},{"ObjectIdentifier":"S-1-5-21-748909465-2105014040-255522671-1230","ObjectType":"Computer"},{"ObjectIdentifier":"S-1-5-21-748909465-2105014040-255522671-1231","ObjectType":"Computer"},{"ObjectIdentifier":"S-1-5-21-748909465-2105014040-255522671-1232","ObjectType":"Computer"},{"ObjectIdentifier":"S-1-5-21-748909465-2105014040-255522671-1233","ObjectType":"Computer"},{"ObjectIdentifier":"S-1-5-21-748909465-2105014040-255522671-1234","ObjectType":"Computer"},{"ObjectIdentifier":"S-1-5-21-748909465-2105014040-255522671-1235","ObjectType":"Computer"},{"ObjectIdentifier":"S-1-5-21-748909465-2105014040-255522671-1236","ObjectType":"Computer"},{"ObjectIdentifier":"S-1-5-21-748909465-2105014040-255522671-1237","ObjectType":"Computer"},{"ObjectIdentifier":"S-1-5-21-748909465-2105014040-255522671-1238","ObjectType":"Computer"},{"ObjectIdentifier":"S-1-5-21-748909465-2105014040-255522671-1239","ObjectType":"Computer"},{"ObjectIdentifier":"S-1-5-21-748909465-2105014040-255522671-1240","ObjectType":"Computer"},{"ObjectIdentifier":"S-1-5-21-748909465-2105014040-255522671-1241","ObjectType":"Computer"},{"ObjectIdentifier":"S-1-5-21-748909465-2105014040-255522671-1242","ObjectType":"Computer"},{"ObjectIdentifier":"S-1-5-21-748909465-2105014040-255522671-1243","ObjectType":"Computer"},{"ObjectIdentifier":"S-1-5-21-748909465-2105014040-255522671-1244","ObjectType":"Computer"},{"ObjectIdentifier":"S-1-5-21-748909465-2105014040-255522671-1245","ObjectType":"Computer"},{"ObjectIdentifier":"S-1-5-21-748909465-2105014040-255522671-1246","ObjectType":"Computer"},{"ObjectIdentifier":"S-1-5-21-748909465-2105014040-255522671-1247","ObjectType":"Computer"},{"ObjectIdentifier":"S-1-5-21-748909465-2105014040-255522671-1248","ObjectType":"Computer"},{"ObjectIdentifier":"S-1-5-21-748909465-2105014040-255522671-1249","ObjectType":"Computer"},{"ObjectIdentifier":"S-1-5-21-748909465-2105014040-255522671-1250","ObjectType":"Computer"},{"ObjectIdentifier":"S-1-5-21-748909465-2105014040-255522671-1251","ObjectType":"Computer"},{"ObjectIdentifier":"S-1-5-21-748909465-2105014040-255522671-1252","ObjectType":"Computer"},{"ObjectIdentifier":"S-1-5-21-748909465-2105014040-255522671-1253","ObjectType":"Computer"},{"ObjectIdentifier":"S-1-5-21-748909465-2105014040-255522671-1254","ObjectType":"Computer"},{"ObjectIdentifier":"S-1-5-21-748909465-2105014040-255522671-1255","ObjectType":"Computer"},{"ObjectIdentifier":"S-1-5-21-748909465-2105014040-255522671-1256","ObjectType":"Computer"},{"ObjectIdentifier":"S-1-5-21-748909465-2105014040-255522671-1257","ObjectType":"Computer"},{"ObjectIdentifier":"S-1-5-21-748909465-2105014040-255522671-1258","ObjectType":"Computer"},{"ObjectIdentifier":"S-1-5-21-748909465-2105014040-255522671-1259","ObjectType":"Computer"},{"ObjectIdentifier":"S-1-5-21-748909465-2105014040-255522671-1260","ObjectType":"Computer"},{"ObjectIdentifier":"S-1-5-21-748909465-2105014040-255522671-1261","ObjectType":"Computer"},{"ObjectIdentifier":"S-1-5-21-748909465-2105014040-255522671-1262","ObjectType":"Computer"},{"ObjectIdentifier":"S-1-5-21-748909465-2105014040-255522671-1263","ObjectType":"Computer"},{"ObjectIdentifier":"S-1-5-21-748909465-2105014040-255522671-1264","ObjectType":"Computer"},{"ObjectIdentifier":"S-1-5-21-748909465-2105014040-255522671-1265","ObjectType":"Computer"},{"ObjectIdentifier":"S-1-5-21-748909465-2105014040-255522671-1266","ObjectType":"Computer"},{"ObjectIdentifier":"S-1-5-21-748909465-2105014040-255522671-1267","ObjectType":"Computer"},{"ObjectIdentifier":"S-1-5-21-748909465-2105014040-255522671-1268","ObjectType":"Computer"},{"ObjectIdentifier":"S-1-5-21-748909465-2105014040-255522671-1269","ObjectType":"Computer"},{"ObjectIdentifier":"S-1-5-21-748909465-2105014040-255522671-1270","ObjectType":"Computer"},{"ObjectIdentifier":"S-1-5-21-748909465-2105014040-255522671-1271","ObjectType":"Computer"},{"ObjectIdentifier":"S-1-5-21-748909465-2105014040-255522671-1272","ObjectType":"Computer"},{"ObjectIdentifier":"S-1-5-21-748909465-2105014040-255522671-1273","ObjectType":"Computer"},{"ObjectIdentifier":"S-1-5-21-748909465-2105014040-255522671-1274","ObjectType":"Computer"},{"ObjectIdentifier":"S-1-5-21-748909465-2105014040-255522671-1275","ObjectType":"Computer"},{"ObjectIdentifier":"S-1-5-21-748909465-2105014040-255522671-1276","ObjectType":"Computer"},{"ObjectIdentifier":"S-1-5-21-748909465-2105014040-255522671-1277","ObjectType":"Computer"},{"ObjectIdentifier":"S-1-5-21-748909465-2105014040-255522671-1278","ObjectType":"Computer"},{"ObjectIdentifier":"S-1-5-21-748909465-2105014040-255522671-1279","ObjectType":"Computer"},{"ObjectIdentifier":"S-1-5-21-748909465-2105014040-255522671-1280","ObjectType":"Computer"},{"ObjectIdentifier":"S-1-5-21-748909465-2105014040-255522671-1281","ObjectType":"Computer"},{"ObjectIdentifier":"S-1-5-21-748909465-2105014040-255522671-1282","ObjectType":"Computer"},{"ObjectIdentifier":"S-1-5-21-748909465-2105014040-255522671-1283","ObjectType":"Computer"},{"ObjectIdentifier":"S-1-5-21-748909465-2105014040-255522671-1284","ObjectType":"Computer"},{"ObjectIdentifier":"S-1-5-21-748909465-2105014040-255522671-1285","ObjectType":"Computer"},{"ObjectIdentifier":"S-1-5-21-748909465-2105014040-255522671-1286","ObjectType":"Computer"},{"ObjectIdentifier":"S-1-5-21-748909465-2105014040-255522671-1287","ObjectType":"Computer"},{"ObjectIdentifier":"S-1-5-21-748909465-2105014040-255522671-1288","ObjectType":"Computer"},{"ObjectIdentifier":"S-1-5-21-748909465-2105014040-255522671-1289","ObjectType":"Computer"},{"ObjectIdentifier":"S-1-5-21-748909465-2105014040-255522671-1290","ObjectType":"Computer"},{"ObjectIdentifier":"S-1-5-21-748909465-2105014040-255522671-1291","ObjectType":"Computer"},{"ObjectIdentifier":"S-1-5-21-748909465-2105014040-255522671-1292","ObjectType":"Computer"},{"ObjectIdentifier":"S-1-5-21-748909465-2105014040-255522671-1293","ObjectType":"Computer"},{"ObjectIdentifier":"S-1-5-21-748909465-2105014040-255522671-1294","ObjectType":"Computer"},{"ObjectIdentifier":"S-1-5-21-748909465-2105014040-255522671-1295","ObjectType":"Computer"},{"ObjectIdentifier":"S-1-5-21-748909465-2105014040-255522671-1296","ObjectType":"Computer"},{"ObjectIdentifier":"S-1-5-21-748909465-2105014040-255522671-1297","ObjectType":"Computer"},{"ObjectIdentifier":"S-1-5-21-748909465-2105014040-255522671-1298","ObjectType":"Computer"},{"ObjectIdentifier":"S-1-5-21-748909465-2105014040-255522671-1299","ObjectType":"Computer"},{"ObjectIdentifier":"S-1-5-21-748909465-2105014040-255522671-1300","ObjectType":"Computer"},{"ObjectIdentifier":"S-1-5-21-748909465-2105014040-255522671-1301","ObjectType":"Computer"},{"ObjectIdentifier":"S-1-5-21-748909465-2105014040-255522671-1302","ObjectType":"Computer"},{"ObjectIdentifier":"S-1-5-21-748909465-2105014040-255522671-1105","ObjectType":"Computer"},{"ObjectIdentifier":"S-1-5-21-748909465-2105014040-255522671-4649","ObjectType":"Computer"},{"ObjectIdentifier":"S-1-5-21-748909465-2105014040-255522671-1109","ObjectType":"Computer"},{"ObjectIdentifier":"S-1-5-21-748909465-2105014040-255522671-1110","ObjectType":"Computer"},{"ObjectIdentifier":"S-1-5-21-748909465-2105014040-255522671-1111","ObjectType":"Computer"},{"ObjectIdentifier":"S-1-5-21-748909465-2105014040-255522671-1112","ObjectType":"Computer"},{"ObjectIdentifier":"S-1-5-21-748909465-2105014040-255522671-1113","ObjectType":"Computer"},{"ObjectIdentifier":"S-1-5-21-748909465-2105014040-255522671-1114","ObjectType":"Computer"},{"ObjectIdentifier":"S-1-5-21-748909465-2105014040-255522671-1115","ObjectType":"Computer"},{"ObjectIdentifier":"S-1-5-21-748909465-2105014040-255522671-1116","ObjectType":"Computer"},{"ObjectIdentifier":"S-1-5-21-748909465-2105014040-255522671-1117","ObjectType":"Computer"},{"ObjectIdentifier":"S-1-5-21-748909465-2105014040-255522671-1155","ObjectType":"Computer"},{"ObjectIdentifier":"S-1-5-21-748909465-2105014040-255522671-1179","ObjectType":"Computer"},{"ObjectIdentifier":"S-1-5-21-748909465-2105014040-255522671-1181","ObjectType":"Computer"},{"ObjectIdentifier":"S-1-5-21-748909465-2105014040-255522671-1182","ObjectType":"Computer"},{"ObjectIdentifier":"S-1-5-21-748909465-2105014040-255522671-1183","ObjectType":"Computer"},{"ObjectIdentifier":"S-1-5-21-748909465-2105014040-255522671-1184","ObjectType":"Computer"},{"ObjectIdentifier":"S-1-5-21-748909465-2105014040-255522671-1185","ObjectType":"Computer"},{"ObjectIdentifier":"S-1-5-21-748909465-2105014040-255522671-1186","ObjectType":"Computer"},{"ObjectIdentifier":"S-1-5-21-748909465-2105014040-255522671-1187","ObjectType":"Computer"},{"ObjectIdentifier":"S-1-5-21-748909465-2105014040-255522671-1188","ObjectType":"Computer"},{"ObjectIdentifier":"S-1-5-21-748909465-2105014040-255522671-1565","ObjectType":"Computer"},{"ObjectIdentifier":"S-1-5-21-748909465-2105014040-255522671-1566","ObjectType":"Computer"},{"ObjectIdentifier":"S-1-5-21-748909465-2105014040-255522671-1567","ObjectType":"Computer"},{"ObjectIdentifier":"S-1-5-21-748909465-2105014040-255522671-1568","ObjectType":"Computer"},{"ObjectIdentifier":"S-1-5-21-748909465-2105014040-255522671-1569","ObjectType":"Computer"},{"ObjectIdentifier":"S-1-5-21-748909465-2105014040-255522671-1570","ObjectType":"Computer"},{"ObjectIdentifier":"S-1-5-21-748909465-2105014040-255522671-1571","ObjectType":"Computer"},{"ObjectIdentifier":"S-1-5-21-748909465-2105014040-255522671-1572","ObjectType":"Computer"},{"ObjectIdentifier":"S-1-5-21-748909465-2105014040-255522671-1573","ObjectType":"Computer"},{"ObjectIdentifier":"S-1-5-21-748909465-2105014040-255522671-1574","ObjectType":"Computer"},{"ObjectIdentifier":"S-1-5-21-748909465-2105014040-255522671-1575","ObjectType":"Computer"},{"ObjectIdentifier":"S-1-5-21-748909465-2105014040-255522671-1576","ObjectType":"Computer"},{"ObjectIdentifier":"S-1-5-21-748909465-2105014040-255522671-1577","ObjectType":"Computer"},{"ObjectIdentifier":"S-1-5-21-748909465-2105014040-255522671-1578","ObjectType":"Computer"},{"ObjectIdentifier":"S-1-5-21-748909465-2105014040-255522671-1579","ObjectType":"Computer"},{"ObjectIdentifier":"S-1-5-21-748909465-2105014040-255522671-1175","ObjectType":"Computer"},{"ObjectIdentifier":"S-1-5-21-748909465-2105014040-255522671-1157","ObjectType":"Computer"},{"ObjectIdentifier":"S-1-5-21-748909465-2105014040-255522671-1580","ObjectType":"Computer"},{"ObjectIdentifier":"S-1-5-21-748909465-2105014040-255522671-1581","ObjectType":"Computer"},{"ObjectIdentifier":"S-1-5-21-748909465-2105014040-255522671-1582","ObjectType":"Computer"},{"ObjectIdentifier":"S-1-5-21-748909465-2105014040-255522671-1583","ObjectType":"Computer"},{"ObjectIdentifier":"S-1-5-21-748909465-2105014040-255522671-1584","ObjectType":"Computer"},{"ObjectIdentifier":"S-1-5-21-748909465-2105014040-255522671-1585","ObjectType":"Computer"},{"ObjectIdentifier":"S-1-5-21-748909465-2105014040-255522671-1586","ObjectType":"Computer"},{"ObjectIdentifier":"S-1-5-21-748909465-2105014040-255522671-1108","ObjectType":"Computer"},{"ObjectIdentifier":"S-1-5-21-748909465-2105014040-255522671-1166","ObjectType":"Computer"},{"ObjectIdentifier":"S-1-5-21-748909465-2105014040-255522671-1165","ObjectType":"Computer"},{"ObjectIdentifier":"S-1-5-21-748909465-2105014040-255522671-1168","ObjectType":"Computer"},{"ObjectIdentifier":"S-1-5-21-748909465-2105014040-255522671-1169","ObjectType":"Computer"},{"ObjectIdentifier":"S-1-5-21-748909465-2105014040-255522671-1170","ObjectType":"Computer"},{"ObjectIdentifier":"S-1-5-21-748909465-2105014040-255522671-1171","ObjectType":"Computer"},{"ObjectIdentifier":"S-1-5-21-748909465-2105014040-255522671-1172","ObjectType":"Computer"},{"ObjectIdentifier":"S-1-5-21-748909465-2105014040-255522671-1173","ObjectType":"Computer"},{"ObjectIdentifier":"S-1-5-21-748909465-2105014040-255522671-1174","ObjectType":"Computer"},{"ObjectIdentifier":"S-1-5-21-748909465-2105014040-255522671-1167","ObjectType":"Computer"},{"ObjectIdentifier":"S-1-5-21-748909465-2105014040-255522671-1164","ObjectType":"Computer"},{"ObjectIdentifier":"S-1-5-21-748909465-2105014040-255522671-1103","ObjectType":"Computer"},{"ObjectIdentifier":"S-1-5-21-748909465-2105014040-255522671-1177","ObjectType":"Computer"},{"ObjectIdentifier":"S-1-5-21-748909465-2105014040-255522671-1303","ObjectType":"Computer"},{"ObjectIdentifier":"S-1-5-21-748909465-2105014040-255522671-1312","ObjectType":"Computer"},{"ObjectIdentifier":"S-1-5-21-748909465-2105014040-255522671-1313","ObjectType":"Computer"},{"ObjectIdentifier":"S-1-5-21-748909465-2105014040-255522671-1314","ObjectType":"Computer"},{"ObjectIdentifier":"S-1-5-21-748909465-2105014040-255522671-1315","ObjectType":"Computer"},{"ObjectIdentifier":"S-1-5-21-748909465-2105014040-255522671-1316","ObjectType":"Computer"},{"ObjectIdentifier":"S-1-5-21-748909465-2105014040-255522671-1317","ObjectType":"Computer"},{"ObjectIdentifier":"S-1-5-21-748909465-2105014040-255522671-1318","ObjectType":"Computer"},{"ObjectIdentifier":"S-1-5-21-748909465-2105014040-255522671-1319","ObjectType":"Computer"},{"ObjectIdentifier":"S-1-5-21-748909465-2105014040-255522671-1320","ObjectType":"Computer"},{"ObjectIdentifier":"S-1-5-21-748909465-2105014040-255522671-1321","ObjectType":"Computer"},{"ObjectIdentifier":"S-1-5-21-748909465-2105014040-255522671-1304","ObjectType":"Computer"},{"ObjectIdentifier":"S-1-5-21-748909465-2105014040-255522671-1322","ObjectType":"Computer"},{"ObjectIdentifier":"S-1-5-21-748909465-2105014040-255522671-1323","ObjectType":"Computer"},{"ObjectIdentifier":"S-1-5-21-748909465-2105014040-255522671-1324","ObjectType":"Computer"},{"ObjectIdentifier":"S-1-5-21-748909465-2105014040-255522671-1325","ObjectType":"Computer"},{"ObjectIdentifier":"S-1-5-21-748909465-2105014040-255522671-1326","ObjectType":"Computer"},{"ObjectIdentifier":"S-1-5-21-748909465-2105014040-255522671-1327","ObjectType":"Computer"},{"ObjectIdentifier":"S-1-5-21-748909465-2105014040-255522671-1328","ObjectType":"Computer"},{"ObjectIdentifier":"S-1-5-21-748909465-2105014040-255522671-1329","ObjectType":"Computer"},{"ObjectIdentifier":"S-1-5-21-748909465-2105014040-255522671-1330","ObjectType":"Computer"},{"ObjectIdentifier":"S-1-5-21-748909465-2105014040-255522671-1331","ObjectType":"Computer"},{"ObjectIdentifier":"S-1-5-21-748909465-2105014040-255522671-1305","ObjectType":"Computer"},{"ObjectIdentifier":"S-1-5-21-748909465-2105014040-255522671-1332","ObjectType":"Computer"},{"ObjectIdentifier":"S-1-5-21-748909465-2105014040-255522671-1333","ObjectType":"Computer"},{"ObjectIdentifier":"S-1-5-21-748909465-2105014040-255522671-1334","ObjectType":"Computer"},{"ObjectIdentifier":"S-1-5-21-748909465-2105014040-255522671-1335","ObjectType":"Computer"},{"ObjectIdentifier":"S-1-5-21-748909465-2105014040-255522671-1336","ObjectType":"Computer"},{"ObjectIdentifier":"S-1-5-21-748909465-2105014040-255522671-1337","ObjectType":"Computer"},{"ObjectIdentifier":"S-1-5-21-748909465-2105014040-255522671-1338","ObjectType":"Computer"},{"ObjectIdentifier":"S-1-5-21-748909465-2105014040-255522671-1339","ObjectType":"Computer"},{"ObjectIdentifier":"S-1-5-21-748909465-2105014040-255522671-1340","ObjectType":"Computer"},{"ObjectIdentifier":"S-1-5-21-748909465-2105014040-255522671-1341","ObjectType":"Computer"},{"ObjectIdentifier":"S-1-5-21-748909465-2105014040-255522671-1306","ObjectType":"Computer"},{"ObjectIdentifier":"S-1-5-21-748909465-2105014040-255522671-1342","ObjectType":"Computer"},{"ObjectIdentifier":"S-1-5-21-748909465-2105014040-255522671-1343","ObjectType":"Computer"},{"ObjectIdentifier":"S-1-5-21-748909465-2105014040-255522671-1344","ObjectType":"Computer"},{"ObjectIdentifier":"S-1-5-21-748909465-2105014040-255522671-1345","ObjectType":"Computer"},{"ObjectIdentifier":"S-1-5-21-748909465-2105014040-255522671-1346","ObjectType":"Computer"},{"ObjectIdentifier":"S-1-5-21-748909465-2105014040-255522671-1347","ObjectType":"Computer"},{"ObjectIdentifier":"S-1-5-21-748909465-2105014040-255522671-1348","ObjectType":"Computer"},{"ObjectIdentifier":"S-1-5-21-748909465-2105014040-255522671-1349","ObjectType":"Computer"},{"ObjectIdentifier":"S-1-5-21-748909465-2105014040-255522671-1350","ObjectType":"Computer"},{"ObjectIdentifier":"S-1-5-21-748909465-2105014040-255522671-1351","ObjectType":"Computer"},{"ObjectIdentifier":"S-1-5-21-748909465-2105014040-255522671-1307","ObjectType":"Computer"},{"ObjectIdentifier":"S-1-5-21-748909465-2105014040-255522671-1352","ObjectType":"Computer"},{"ObjectIdentifier":"S-1-5-21-748909465-2105014040-255522671-1353","ObjectType":"Computer"},{"ObjectIdentifier":"S-1-5-21-748909465-2105014040-255522671-1354","ObjectType":"Computer"},{"ObjectIdentifier":"S-1-5-21-748909465-2105014040-255522671-1355","ObjectType":"Computer"},{"ObjectIdentifier":"S-1-5-21-748909465-2105014040-255522671-1308","ObjectType":"Computer"},{"ObjectIdentifier":"S-1-5-21-748909465-2105014040-255522671-1309","ObjectType":"Computer"},{"ObjectIdentifier":"S-1-5-21-748909465-2105014040-255522671-1310","ObjectType":"Computer"},{"ObjectIdentifier":"S-1-5-21-748909465-2105014040-255522671-1311","ObjectType":"Computer"},{"ObjectIdentifier":"S-1-5-21-748909465-2105014040-255522671-1592","ObjectType":"Computer"},{"ObjectIdentifier":"S-1-5-21-748909465-2105014040-255522671-1593","ObjectType":"Computer"},{"ObjectIdentifier":"S-1-5-21-748909465-2105014040-255522671-1594","ObjectType":"Computer"},{"ObjectIdentifier":"S-1-5-21-748909465-2105014040-255522671-1595","ObjectType":"Computer"},{"ObjectIdentifier":"S-1-5-21-748909465-2105014040-255522671-1596","ObjectType":"Computer"},{"ObjectIdentifier":"S-1-5-21-748909465-2105014040-255522671-1597","ObjectType":"Computer"},{"ObjectIdentifier":"S-1-5-21-748909465-2105014040-255522671-1598","ObjectType":"Computer"},{"ObjectIdentifier":"S-1-5-21-748909465-2105014040-255522671-1599","ObjectType":"Computer"},{"ObjectIdentifier":"S-1-5-21-748909465-2105014040-255522671-1600","ObjectType":"Computer"},{"ObjectIdentifier":"S-1-5-21-748909465-2105014040-255522671-1601","ObjectType":"Computer"},{"ObjectIdentifier":"S-1-5-21-748909465-2105014040-255522671-1602","ObjectType":"Computer"},{"ObjectIdentifier":"S-1-5-21-748909465-2105014040-255522671-1603","ObjectType":"Computer"},{"ObjectIdentifier":"S-1-5-21-748909465-2105014040-255522671-1533","ObjectType":"Computer"},{"ObjectIdentifier":"S-1-5-21-748909465-2105014040-255522671-1534","ObjectType":"Computer"},{"ObjectIdentifier":"S-1-5-21-748909465-2105014040-255522671-1535","ObjectType":"Computer"},{"ObjectIdentifier":"S-1-5-21-748909465-2105014040-255522671-1536","ObjectType":"Computer"},{"ObjectIdentifier":"S-1-5-21-748909465-2105014040-255522671-1537","ObjectType":"Computer"},{"ObjectIdentifier":"S-1-5-21-748909465-2105014040-255522671-1538","ObjectType":"Computer"},{"ObjectIdentifier":"S-1-5-21-748909465-2105014040-255522671-1539","ObjectType":"Computer"},{"ObjectIdentifier":"S-1-5-21-748909465-2105014040-255522671-1540","ObjectType":"Computer"},{"ObjectIdentifier":"S-1-5-21-748909465-2105014040-255522671-1541","ObjectType":"Computer"},{"ObjectIdentifier":"S-1-5-21-748909465-2105014040-255522671-1542","ObjectType":"Computer"},{"ObjectIdentifier":"S-1-5-21-748909465-2105014040-255522671-1543","ObjectType":"Computer"},{"ObjectIdentifier":"S-1-5-21-748909465-2105014040-255522671-1544","ObjectType":"Computer"},{"ObjectIdentifier":"S-1-5-21-748909465-2105014040-255522671-1545","ObjectType":"Computer"},{"ObjectIdentifier":"S-1-5-21-748909465-2105014040-255522671-1546","ObjectType":"Computer"},{"ObjectIdentifier":"S-1-5-21-748909465-2105014040-255522671-1547","ObjectType":"Computer"},{"ObjectIdentifier":"S-1-5-21-748909465-2105014040-255522671-1548","ObjectType":"Computer"},{"ObjectIdentifier":"S-1-5-21-748909465-2105014040-255522671-1549","ObjectType":"Computer"},{"ObjectIdentifier":"S-1-5-21-748909465-2105014040-255522671-1550","ObjectType":"Computer"},{"ObjectIdentifier":"S-1-5-21-748909465-2105014040-255522671-1551","ObjectType":"Computer"},{"ObjectIdentifier":"S-1-5-21-748909465-2105014040-255522671-1552","ObjectType":"Computer"},{"ObjectIdentifier":"S-1-5-21-748909465-2105014040-255522671-1553","ObjectType":"Computer"},{"ObjectIdentifier":"S-1-5-21-748909465-2105014040-255522671-1554","ObjectType":"Computer"},{"ObjectIdentifier":"S-1-5-21-748909465-2105014040-255522671-1555","ObjectType":"Computer"},{"ObjectIdentifier":"S-1-5-21-748909465-2105014040-255522671-1556","ObjectType":"Computer"},{"ObjectIdentifier":"S-1-5-21-748909465-2105014040-255522671-1557","ObjectType":"Computer"},{"ObjectIdentifier":"S-1-5-21-748909465-2105014040-255522671-1558","ObjectType":"Computer"},{"ObjectIdentifier":"S-1-5-21-748909465-2105014040-255522671-1559","ObjectType":"Computer"},{"ObjectIdentifier":"S-1-5-21-748909465-2105014040-255522671-1560","ObjectType":"Computer"},{"ObjectIdentifier":"S-1-5-21-748909465-2105014040-255522671-1561","ObjectType":"Computer"},{"ObjectIdentifier":"S-1-5-21-748909465-2105014040-255522671-1562","ObjectType":"Computer"},{"ObjectIdentifier":"S-1-5-21-748909465-2105014040-255522671-1563","ObjectType":"Computer"},{"ObjectIdentifier":"S-1-5-21-748909465-2105014040-255522671-1564","ObjectType":"Computer"},{"ObjectIdentifier":"S-1-5-21-748909465-2105014040-255522671-1532","ObjectType":"Computer"},{"ObjectIdentifier":"S-1-5-21-748909465-2105014040-255522671-4650","ObjectType":"Computer"},{"ObjectIdentifier":"S-1-5-21-748909465-2105014040-255522671-1587","ObjectType":"Computer"},{"ObjectIdentifier":"S-1-5-21-748909465-2105014040-255522671-1588","ObjectType":"Computer"},{"ObjectIdentifier":"S-1-5-21-748909465-2105014040-255522671-1589","ObjectType":"Computer"},{"ObjectIdentifier":"S-1-5-21-748909465-2105014040-255522671-1590","ObjectType":"Computer"},{"ObjectIdentifier":"S-1-5-21-748909465-2105014040-255522671-1591","ObjectType":"Computer"}],"Aces":[{"PrincipalSID":"S-1-5-21-748909465-2105014040-255522671-512","PrincipalType":"Group","RightName":"Owns","IsInherited":false},{"PrincipalSID":"S-1-5-21-748909465-2105014040-255522671-512","PrincipalType":"Group","RightName":"WriteDacl","IsInherited":false},{"PrincipalSID":"S-1-5-21-748909465-2105014040-255522671-512","PrincipalType":"Group","RightName":"WriteOwner","IsInherited":false},{"PrincipalSID":"S-1-5-21-748909465-2105014040-255522671-4628","PrincipalType":"User","RightName":"WriteDacl","IsInherited":true},{"PrincipalSID":"S-1-5-21-748909465-2105014040-255522671-519","PrincipalType":"Group","RightName":"GenericAll","IsInherited":true},{"PrincipalSID":"TRILOCOR.LOCAL-S-1-5-32-544","PrincipalType":"Group","RightName":"WriteDacl","IsInherited":true},{"PrincipalSID":"TRILOCOR.LOCAL-S-1-5-32-544","PrincipalType":"Group","RightName":"WriteOwner","IsInherited":true}],"ObjectIdentifier":"764D4A1C-95C8-4E1F-A607-9E68F2537CFC","IsDeleted":false,"IsACLProtected":false},{"Properties":{"domain":"TRILOCOR.LOCAL","name":"USERS@TRILOCOR.LOCAL","distinguishedname":"CN=USERS,DC=TRILOCOR,DC=LOCAL","domainsid":"S-1-5-21-748909465-2105014040-255522671","highvalue":false},"ChildObjects":[{"ObjectIdentifier":"S-1-5-21-748909465-2105014040-255522671-500","ObjectType":"User"},{"ObjectIdentifier":"S-1-5-21-748909465-2105014040-255522671-571","ObjectType":"Group"},{"ObjectIdentifier":"S-1-5-21-748909465-2105014040-255522671-4627","ObjectType":"User"},{"ObjectIdentifier":"S-1-5-21-748909465-2105014040-255522671-4644","ObjectType":"User"},{"ObjectIdentifier":"S-1-5-21-748909465-2105014040-255522671-4619","ObjectType":"User"},{"ObjectIdentifier":"S-1-5-21-748909465-2105014040-255522671-4645","ObjectType":"User"},{"ObjectIdentifier":"S-1-5-21-748909465-2105014040-255522671-4629","ObjectType":"User"},{"ObjectIdentifier":"S-1-5-21-748909465-2105014040-255522671-4618","ObjectType":"User"},{"ObjectIdentifier":"S-1-5-21-748909465-2105014040-255522671-517","ObjectType":"Group"},{"ObjectIdentifier":"S-1-5-21-748909465-2105014040-255522671-522","ObjectType":"Group"},{"ObjectIdentifier":"S-1-5-21-748909465-2105014040-255522671-572","ObjectType":"Group"},{"ObjectIdentifier":"S-1-5-21-748909465-2105014040-255522671-1101","ObjectType":"Group"},{"ObjectIdentifier":"S-1-5-21-748909465-2105014040-255522671-1102","ObjectType":"Group"},{"ObjectIdentifier":"S-1-5-21-748909465-2105014040-255522671-512","ObjectType":"Group"},{"ObjectIdentifier":"S-1-5-21-748909465-2105014040-255522671-515","ObjectType":"Group"},{"ObjectIdentifier":"S-1-5-21-748909465-2105014040-255522671-516","ObjectType":"Group"},{"ObjectIdentifier":"S-1-5-21-748909465-2105014040-255522671-514","ObjectType":"Group"},{"ObjectIdentifier":"S-1-5-21-748909465-2105014040-255522671-513","ObjectType":"Group"},{"ObjectIdentifier":"S-1-5-21-748909465-2105014040-255522671-519","ObjectType":"Group"},{"ObjectIdentifier":"S-1-5-21-748909465-2105014040-255522671-527","ObjectType":"Group"},{"ObjectIdentifier":"S-1-5-21-748909465-2105014040-255522671-498","ObjectType":"Group"},{"ObjectIdentifier":"S-1-5-21-748909465-2105014040-255522671-4620","ObjectType":"User"},{"ObjectIdentifier":"S-1-5-21-748909465-2105014040-255522671-4630","ObjectType":"User"},{"ObjectIdentifier":"S-1-5-21-748909465-2105014040-255522671-520","ObjectType":"Group"},{"ObjectIdentifier":"S-1-5-21-748909465-2105014040-255522671-4625","ObjectType":"User"},{"ObjectIdentifier":"S-1-5-21-748909465-2105014040-255522671-501","ObjectType":"User"},{"ObjectIdentifier":"S-1-5-21-748909465-2105014040-255522671-4617","ObjectType":"User"},{"ObjectIdentifier":"S-1-5-21-748909465-2105014040-255522671-4631","ObjectType":"User"},{"ObjectIdentifier":"S-1-5-21-748909465-2105014040-255522671-4636","ObjectType":"User"},{"ObjectIdentifier":"S-1-5-21-748909465-2105014040-255522671-4634","ObjectType":"User"},{"ObjectIdentifier":"S-1-5-21-748909465-2105014040-255522671-4622","ObjectType":"User"},{"ObjectIdentifier":"S-1-5-21-748909465-2105014040-255522671-526","ObjectType":"Group"},{"ObjectIdentifier":"S-1-5-21-748909465-2105014040-255522671-502","ObjectType":"User"},{"ObjectIdentifier":"S-1-5-21-748909465-2105014040-255522671-4632","ObjectType":"User"},{"ObjectIdentifier":"S-1-5-21-748909465-2105014040-255522671-4623","ObjectType":"User"},{"ObjectIdentifier":"S-1-5-21-748909465-2105014040-255522671-4626","ObjectType":"User"},{"ObjectIdentifier":"S-1-5-21-748909465-2105014040-255522671-4643","ObjectType":"User"},{"ObjectIdentifier":"S-1-5-21-748909465-2105014040-255522671-4637","ObjectType":"User"},{"ObjectIdentifier":"S-1-5-21-748909465-2105014040-255522671-525","ObjectType":"Group"},{"ObjectIdentifier":"S-1-5-21-748909465-2105014040-255522671-4635","ObjectType":"User"},{"ObjectIdentifier":"S-1-5-21-748909465-2105014040-255522671-4633","ObjectType":"User"},{"ObjectIdentifier":"S-1-5-21-748909465-2105014040-255522671-553","ObjectType":"Group"},{"ObjectIdentifier":"S-1-5-21-748909465-2105014040-255522671-521","ObjectType":"Group"},{"ObjectIdentifier":"S-1-5-21-748909465-2105014040-255522671-4647","ObjectType":"User"},{"ObjectIdentifier":"S-1-5-21-748909465-2105014040-255522671-4648","ObjectType":"User"},{"ObjectIdentifier":"S-1-5-21-748909465-2105014040-255522671-518","ObjectType":"Group"},{"ObjectIdentifier":"S-1-5-21-748909465-2105014040-255522671-4640","ObjectType":"User"},{"ObjectIdentifier":"S-1-5-21-748909465-2105014040-255522671-4639","ObjectType":"User"},{"ObjectIdentifier":"S-1-5-21-748909465-2105014040-255522671-4642","ObjectType":"User"},{"ObjectIdentifier":"S-1-5-21-748909465-2105014040-255522671-4641","ObjectType":"User"},{"ObjectIdentifier":"S-1-5-21-748909465-2105014040-255522671-4638","ObjectType":"User"},{"ObjectIdentifier":"S-1-5-21-748909465-2105014040-255522671-4628","ObjectType":"User"},{"ObjectIdentifier":"S-1-5-21-748909465-2105014040-255522671-4621","ObjectType":"User"},{"ObjectIdentifier":"S-1-5-21-748909465-2105014040-255522671-4646","ObjectType":"User"},{"ObjectIdentifier":"S-1-5-21-748909465-2105014040-255522671-4624","ObjectType":"User"}],"Aces":[{"PrincipalSID":"S-1-5-21-748909465-2105014040-255522671-512","PrincipalType":"Group","RightName":"Owns","IsInherited":false},{"PrincipalSID":"S-1-5-21-748909465-2105014040-255522671-512","PrincipalType":"Group","RightName":"WriteDacl","IsInherited":false},{"PrincipalSID":"S-1-5-21-748909465-2105014040-255522671-512","PrincipalType":"Group","RightName":"WriteOwner","IsInherited":false},{"PrincipalSID":"S-1-5-21-748909465-2105014040-255522671-4628","PrincipalType":"User","RightName":"WriteDacl","IsInherited":true},{"PrincipalSID":"S-1-5-21-748909465-2105014040-255522671-519","PrincipalType":"Group","RightName":"GenericAll","IsInherited":true},{"PrincipalSID":"TRILOCOR.LOCAL-S-1-5-32-544","PrincipalType":"Group","RightName":"WriteDacl","IsInherited":true},{"PrincipalSID":"TRILOCOR.LOCAL-S-1-5-32-544","PrincipalType":"Group","RightName":"WriteOwner","IsInherited":true}],"ObjectIdentifier":"16785DE7-441F-4347-834B-5B52CEAA65DC","IsDeleted":false,"IsACLProtected":false}],"meta":{"methods":29695,"type":"containers","count":22,"version":5}}